{"cameraMode":{"drawMode":0,"name":"Shaded","section":"Shading Mode"},"sceneLighting":true,"audioPlay":false,"sceneViewState":{"showFog":true,"showMaterialUpdate":false,"showSkybox":true,"showFlares":true,"showImageEffects":true,"showParticleSystems":true},"in2DMode":false,"pivot":{"x":3.2608187198638918,"y":0.5555204153060913,"z":-1.2089025974273682},"rotation":{"x":-0.0033073893282562496,"y":-0.03689425811171532,"z":0.00012213498121127486,"w":-0.9993154406547546},"size":9.943267822265625,"orthographic":false}