{"cameraMode":{"drawMode":0,"name":"Shaded","section":"Shading Mode"},"sceneLighting":true,"audioPlay":false,"sceneViewState":{"showFog":true,"showMaterialUpdate":false,"showSkybox":true,"showFlares":true,"showImageEffects":true,"showParticleSystems":true},"in2DMode":false,"pivot":{"x":-5.386655330657959,"y":8.70068359375,"z":0.1756533533334732},"rotation":{"x":0.07637998461723328,"y":-0.03439236059784889,"z":0.002636165590956807,"w":0.9964839220046997},"size":47.89649200439453,"orthographic":false}